{
  "n_generated_scored": 626,
  "independent_risky": 107,
  "independent_safe": 519,
  "RiskyAcc_Core_B0": {
    "rate": 1.0,
    "ci": [
      0.9653415324210405,
      1.0
    ],
    "k": 107,
    "n": 107
  },
  "RiskyAcc_Core_B3": {
    "rate": 0.9158878504672897,
    "ci": [
      0.8478290663839781,
      0.9551185633867938
    ],
    "k": 98,
    "n": 107
  },
  "delta_pp": 8.41,
  "mcnemar": {
    "b_B0acc_B3block": 9,
    "c_B0block_B3acc": 0,
    "chi2": 7.111,
    "p": 0.007660761135179472
  },
  "false_block_B3_on_safe": {
    "rate": 0.05009633911368015,
    "ci": [
      0.03441327144040395,
      0.07239077781657942
    ],
    "k": 26,
    "n": 519
  },
  "_design": "U3 tasks from real PRs + U2 independent live OSV/PyPI oracle. Open-weight backends (U1 commercial backends not applied). Single ecosystem (PyPI)."
}