{
  "n_generated_scored": 626,
  "independent_risky": 318,
  "independent_safe": 308,
  "RiskyAcc_Core_B0": {
    "rate": 1.0,
    "ci": [
      0.9880636934442285,
      1.0
    ],
    "k": 318,
    "n": 318
  },
  "RiskyAcc_Core_B3": {
    "rate": 0.6194968553459119,
    "ci": [
      0.5650076486371466,
      0.6711333598589583
    ],
    "k": 197,
    "n": 318
  },
  "delta_pp": 38.05,
  "mcnemar": {
    "b_B0acc_B3block": 121,
    "c_B0block_B3acc": 0,
    "chi2": 119.008,
    "p": 1.04294066657045e-27
  },
  "false_block_B3_on_safe": {
    "rate": 0.08441558441558442,
    "ci": [
      0.058256664985680086,
      0.1208137348583433
    ],
    "k": 26,
    "n": 308
  },
  "_design": "U3 tasks from real PRs + U2 independent live OSV/PyPI oracle. Open-weight backends (U1 commercial backends not applied). Single ecosystem (PyPI)."
}