{
  "pooled": {
    "B0": {
      "n": 1200,
      "risky_accepted_rate_all": 0.2525,
      "afsp_all": 0.5475,
      "false_block_rate_all": 0.0,
      "block_rate": 0.0
    },
    "B1_scanner": {
      "n": 1200,
      "risky_accepted_rate_all": 0.2525,
      "afsp_all": 0.5475,
      "false_block_rate_all": 0.0,
      "block_rate": 0.0
    },
    "S1_only": {
      "n": 1200,
      "risky_accepted_rate_all": 0.1575,
      "afsp_all": 0.5375,
      "false_block_rate_all": 0.013333333333333334,
      "block_rate": 0.10833333333333334
    },
    "S1_S2": {
      "n": 1200,
      "risky_accepted_rate_all": 0.06,
      "afsp_all": 0.5241666666666667,
      "false_block_rate_all": 0.034166666666666665,
      "block_rate": 0.22666666666666666
    },
    "S1_S3": {
      "n": 1200,
      "risky_accepted_rate_all": 0.13333333333333333,
      "afsp_all": 0.5325,
      "false_block_rate_all": 0.020833333333333332,
      "block_rate": 0.14
    },
    "S1_S2_S3": {
      "n": 1200,
      "risky_accepted_rate_all": 0.035833333333333335,
      "afsp_all": 0.5191666666666667,
      "false_block_rate_all": 0.041666666666666664,
      "block_rate": 0.25833333333333336
    },
    "B2": {
      "n": 1200,
      "risky_accepted_rate_all": 0.12333333333333334,
      "afsp_all": 0.5325,
      "false_block_rate_all": 0.020833333333333332,
      "block_rate": 0.15
    },
    "B3": {
      "n": 1200,
      "risky_accepted_rate_all": 0.025,
      "afsp_all": 0.515,
      "false_block_rate_all": 0.04583333333333333,
      "block_rate": 0.2733333333333333
    }
  },
  "CodeLlama-7b-Instruct-hf": {
    "B0": {
      "n": 240,
      "risky_accepted_rate_all": 0.3333333333333333,
      "afsp_all": 0.425,
      "false_block_rate_all": 0.0,
      "block_rate": 0.0
    },
    "B1_scanner": {
      "n": 240,
      "risky_accepted_rate_all": 0.3333333333333333,
      "afsp_all": 0.425,
      "false_block_rate_all": 0.0,
      "block_rate": 0.0
    },
    "S1_only": {
      "n": 240,
      "risky_accepted_rate_all": 0.15,
      "afsp_all": 0.3958333333333333,
      "false_block_rate_all": 0.0375,
      "block_rate": 0.22083333333333333
    },
    "S1_S2": {
      "n": 240,
      "risky_accepted_rate_all": 0.09166666666666666,
      "afsp_all": 0.37916666666666665,
      "false_block_rate_all": 0.0625,
      "block_rate": 0.30416666666666664
    },
    "S1_S3": {
      "n": 240,
      "risky_accepted_rate_all": 0.1375,
      "afsp_all": 0.3958333333333333,
      "false_block_rate_all": 0.0375,
      "block_rate": 0.23333333333333334
    },
    "S1_S2_S3": {
      "n": 240,
      "risky_accepted_rate_all": 0.07916666666666666,
      "afsp_all": 0.37916666666666665,
      "false_block_rate_all": 0.0625,
      "block_rate": 0.31666666666666665
    },
    "B2": {
      "n": 240,
      "risky_accepted_rate_all": 0.13333333333333333,
      "afsp_all": 0.3958333333333333,
      "false_block_rate_all": 0.0375,
      "block_rate": 0.2375
    },
    "B3": {
      "n": 240,
      "risky_accepted_rate_all": 0.075,
      "afsp_all": 0.36666666666666664,
      "false_block_rate_all": 0.075,
      "block_rate": 0.3333333333333333
    }
  },
  "Qwen2.5-Coder-14B-Instruct-AWQ": {
    "B0": {
      "n": 240,
      "risky_accepted_rate_all": 0.3,
      "afsp_all": 0.5541666666666667,
      "false_block_rate_all": 0.0,
      "block_rate": 0.0
    },
    "B1_scanner": {
      "n": 240,
      "risky_accepted_rate_all": 0.3,
      "afsp_all": 0.5541666666666667,
      "false_block_rate_all": 0.0,
      "block_rate": 0.0
    },
    "S1_only": {
      "n": 240,
      "risky_accepted_rate_all": 0.20833333333333334,
      "afsp_all": 0.5541666666666667,
      "false_block_rate_all": 0.0,
      "block_rate": 0.09166666666666666
    },
    "S1_S2": {
      "n": 240,
      "risky_accepted_rate_all": 0.05416666666666667,
      "afsp_all": 0.5416666666666666,
      "false_block_rate_all": 0.020833333333333332,
      "block_rate": 0.26666666666666666
    },
    "S1_S3": {
      "n": 240,
      "risky_accepted_rate_all": 0.17916666666666667,
      "afsp_all": 0.5541666666666667,
      "false_block_rate_all": 0.0,
      "block_rate": 0.12083333333333333
    },
    "S1_S2_S3": {
      "n": 240,
      "risky_accepted_rate_all": 0.025,
      "afsp_all": 0.5416666666666666,
      "false_block_rate_all": 0.020833333333333332,
      "block_rate": 0.29583333333333334
    },
    "B2": {
      "n": 240,
      "risky_accepted_rate_all": 0.1625,
      "afsp_all": 0.5541666666666667,
      "false_block_rate_all": 0.0,
      "block_rate": 0.1375
    },
    "B3": {
      "n": 240,
      "risky_accepted_rate_all": 0.008333333333333333,
      "afsp_all": 0.5416666666666666,
      "false_block_rate_all": 0.020833333333333332,
      "block_rate": 0.3125
    }
  },
  "Qwen2.5-Coder-32B-Instruct-AWQ": {
    "B0": {
      "n": 240,
      "risky_accepted_rate_all": 0.22916666666666666,
      "afsp_all": 0.6458333333333334,
      "false_block_rate_all": 0.0,
      "block_rate": 0.0
    },
    "B1_scanner": {
      "n": 240,
      "risky_accepted_rate_all": 0.22916666666666666,
      "afsp_all": 0.6458333333333334,
      "false_block_rate_all": 0.0,
      "block_rate": 0.0
    },
    "S1_only": {
      "n": 240,
      "risky_accepted_rate_all": 0.1625,
      "afsp_all": 0.6458333333333334,
      "false_block_rate_all": 0.004166666666666667,
      "block_rate": 0.07083333333333333
    },
    "S1_S2": {
      "n": 240,
      "risky_accepted_rate_all": 0.06666666666666667,
      "afsp_all": 0.6208333333333333,
      "false_block_rate_all": 0.05,
      "block_rate": 0.2125
    },
    "S1_S3": {
      "n": 240,
      "risky_accepted_rate_all": 0.12916666666666668,
      "afsp_all": 0.6333333333333333,
      "false_block_rate_all": 0.029166666666666667,
      "block_rate": 0.12916666666666668
    },
    "S1_S2_S3": {
      "n": 240,
      "risky_accepted_rate_all": 0.03333333333333333,
      "afsp_all": 0.6083333333333333,
      "false_block_rate_all": 0.075,
      "block_rate": 0.2708333333333333
    },
    "B2": {
      "n": 240,
      "risky_accepted_rate_all": 0.11666666666666667,
      "afsp_all": 0.6333333333333333,
      "false_block_rate_all": 0.029166666666666667,
      "block_rate": 0.14166666666666666
    },
    "B3": {
      "n": 240,
      "risky_accepted_rate_all": 0.020833333333333332,
      "afsp_all": 0.6083333333333333,
      "false_block_rate_all": 0.075,
      "block_rate": 0.2833333333333333
    }
  },
  "Qwen2.5-Coder-7B-Instruct": {
    "B0": {
      "n": 240,
      "risky_accepted_rate_all": 0.2625,
      "afsp_all": 0.5625,
      "false_block_rate_all": 0.0,
      "block_rate": 0.0
    },
    "B1_scanner": {
      "n": 240,
      "risky_accepted_rate_all": 0.2625,
      "afsp_all": 0.5625,
      "false_block_rate_all": 0.0,
      "block_rate": 0.0
    },
    "S1_only": {
      "n": 240,
      "risky_accepted_rate_all": 0.16666666666666666,
      "afsp_all": 0.5541666666666667,
      "false_block_rate_all": 0.008333333333333333,
      "block_rate": 0.10416666666666667
    },
    "S1_S2": {
      "n": 240,
      "risky_accepted_rate_all": 0.05,
      "afsp_all": 0.5416666666666666,
      "false_block_rate_all": 0.020833333333333332,
      "block_rate": 0.23333333333333334
    },
    "S1_S3": {
      "n": 240,
      "risky_accepted_rate_all": 0.14166666666666666,
      "afsp_all": 0.5416666666666666,
      "false_block_rate_all": 0.020833333333333332,
      "block_rate": 0.14166666666666666
    },
    "S1_S2_S3": {
      "n": 240,
      "risky_accepted_rate_all": 0.025,
      "afsp_all": 0.5291666666666667,
      "false_block_rate_all": 0.03333333333333333,
      "block_rate": 0.2708333333333333
    },
    "B2": {
      "n": 240,
      "risky_accepted_rate_all": 0.13333333333333333,
      "afsp_all": 0.5416666666666666,
      "false_block_rate_all": 0.020833333333333332,
      "block_rate": 0.15
    },
    "B3": {
      "n": 240,
      "risky_accepted_rate_all": 0.016666666666666666,
      "afsp_all": 0.5208333333333334,