mode,tp,fn,fp,tn,recall,recall_ci_lo,recall_ci_hi,precision,false_block_rate,negative_pass_rate
B0,0,52,0,55,0.0,0.0,0.068792,,0.0,1.0
B1_scanner,16,36,3,52,0.3076923076923077,0.199147,0.442696,0.8421052631578947,0.05454545454545454,0.9454545454545454
S1_only,20,32,0,55,0.38461538461538464,0.264705,0.520401,1.0,0.0,1.0
S1_S2_S3,51,1,0,55,0.9807692307692307,0.898795,0.996597,1.0,0.0,1.0
B3,51,1,0,55,0.9807692307692307,0.898795,0.996597,1.0,0.0,1.0
pip_audit_no_deps_vuln_only,16,36,3,52,0.3076923076923077,0.199147,0.442696,0.8421052631578947,0.05454545454545454,0.9454545454545454
pip_audit_no_deps_fail_closed,52,0,6,49,1.0,0.931208,1.0,0.896551724137931,0.10909090909090909,0.8909090909090909
